edge_or_observation,context,directness,V17_status,primary_source,transfer_limitation
IgAN PBMC miR-98-5p expression direction,human IgAN PBMC,observational expression,DIRECT_EXACT_DISEASE_PERIPHERAL: higher in IgAN PBMC,Liu et al. 2020; PMID 32126510,PBMC is not renal resident cell
miR-98-5p -> CCL3,human IgAN PBMC,dual-luciferase plus mimic/rescue,DIRECT_EXACT_DISEASE_PERIPHERAL,Liu et al. 2020; PMID 32126510,does not establish renal regulation
CCL3 -> IL-6,human IgAN PBMC,si-CCL3 perturbation,DIRECT_EXACT_DISEASE_PERIPHERAL functional relation,Liu et al. 2020; PMID 32126510,PBMC only; direction reported within study pathway
IL-6 -> C1GALT1,human IgAN PBMC,pathway perturbation,DIRECT_EXACT_DISEASE_PERIPHERAL functional relation,Liu et al. 2020; PMID 32126510,does not establish renal relation
IgAN peripheral miR-98/C1GALT1/Gd-IgA1 relation,human IgAN PBMC,mimic/plasmid and Gd-IgA1 exploration,"DIRECT_EXACT_DISEASE_PERIPHERAL, endpoint reported",Liu et al. 2020; PMID 32126510,not a kidney phenotype
LN renal tissue miR-98-5p direction,human lupus-nephritis renal tissue,RT-qPCR,HUMAN_RENAL_CROSS_DISEASE: lower in LN tissue,Du et al. 2021; PMID 34721678,renal tissue observation; not cell-line experiment and not IgAN
miR-98 -> BACH1,human mesangial IP15 cell line in lupus-nephritis-context study,"WT/MUT reporter, mimic/inhibitor, rescue",DIRECT_CROSS_DISEASE_HUMAN_RENAL,Du et al. 2021; PMID 34721678,human mesangial cell-line evidence; not primary IgAN mesangial cells; not IgAN immune-complex stimulation
BACH1 -> NF-kappaB/p65 activity,human mesangial IP15 cell line in lupus-nephritis-context study,BACH1 gain/loss + p-p65 readout + NF-kappaB inhibitor functional test,DIRECT_FUNCTIONAL_HUMAN_MESANGIAL_CROSS_CONTEXT,Du et al. 2021; PMID 34721678,human mesangial cell-line evidence; not primary IgAN mesangial cells; not IgAN immune-complex stimulation
miR-98 effect on IL-6,human mesangial IP15 cell line in lupus-nephritis-context study,mimic/inhibitor and ELISA,DIRECT_CROSS_DISEASE_HUMAN_RENAL: mimic lowers secretion,Du et al. 2021; PMID 34721678,human mesangial cell-line evidence; not primary IgAN mesangial cells; not IgAN immune-complex stimulation
miR-98 effect on TNF-alpha,human mesangial IP15 cell line in lupus-nephritis-context study,mimic/inhibitor and ELISA,DIRECT_CROSS_DISEASE_HUMAN_RENAL: mimic lowers secretion,Du et al. 2021; PMID 34721678,human mesangial cell-line evidence; not primary IgAN mesangial cells; not IgAN immune-complex stimulation
miR-98 -> IL-6 -> STAT3,human SLE PBMC; HEK293T reporter component,"WT/MUT IL-6 reporter, miR perturbation, IL-6 rescue, pSTAT3","DIRECT_CROSS_CONTEXT module; STAT3 is downstream through IL-6, not a direct target",Yuan et al. 2019; PMID 31886314,SLE PBMC/HEK293T not IgAN renal cell
LIN28 -> let-7-family microRNA processing,developmental/embryonic systems,pri-miRNA processing inhibition,DIRECT_MOLECULAR_CROSS_CONTEXT,Viswanathan et al. 2008; PMID 18292307,family-level molecular evidence; not IgAN renal dysregulation
LIN28 -> pri/pre-miR-98 processing/cropping,neural differentiation system,Lin28 binding to pri/pre-miR-98 and microprocessing,DIRECT_MOLECULAR_CROSS_CONTEXT,Kawahara et al. 2011; PMID 21378162,neural differentiation context; not IgAN renal dysregulation
IgAN renal mature miR-98-5p level,IgAN glomerular/renal compartment,qualifying study not located in V1.7 targeted audit,UNRESOLVED,V1.7 targeted audit,failure to find is not biological absence
IgAN renal LIN28 dysregulation,IgAN renal compartment,qualifying study not located,UNRESOLVED,V1.7 targeted audit,failure to find is not biological absence
IgAN renal LIN28 -> miR-98 maturation block,IgAN renal compartment,no direct perturbation/rescue,UNRESOLVED,V1.7 targeted audit,do not transfer developmental mechanism
IgAN HMC miR-98 -> TNFAIP3/A20,human IgAN mesangial cell,no direct experiment,UNRESOLVED,V1.0 frozen audit,mouse macrophage is cross-context only
A20 effect under IgAN-relevant mesangial stimulation,primary human mesangial cells with IgAN-relevant stimulation,no qualifying study,UNRESOLVED,V1.0 frozen audit,IL-1 HMC study is not IgAN immune-complex stimulation
target-site protector selective benefit,human IgAN renal context,no validated sequence or experiment,UNRESOLVED,V1.0 frozen audit,hypothetical design only
