repository_path,category,provenance,publication_execution_status,license_scope,notes
evidence/evidence_matrix.csv,evidence_table,V1.0 frozen derived export,not_applicable,CC_BY_4_0_author_original_derived_table,Frozen evidence matrix
evidence/claim_matrix.csv,evidence_table,V1.0 frozen derived export,not_applicable,CC_BY_4_0_author_original_derived_table,Claim-boundary matrix
evidence/edge_registry.csv,evidence_table,V1.6 derived registry from frozen evidence matrix,not_applicable,CC_BY_4_0_author_original_derived_table,No new biological edge added
evidence/reference_audit.csv,evidence_table,V1.0 frozen derived export,not_applicable,CC_BY_4_0_author_original_derived_table,Bibliographic provenance table
evidence/limitations_registry.csv,evidence_table,V1.0 frozen derived export,not_applicable,CC_BY_4_0_author_original_derived_table,Open limitations registry
evidence/evidence_levels.md,documentation,author_generated,not_applicable,CC_BY_4_0_author_original_text,Evidence-grade definitions
evidence/context_grading_rules.md,documentation,author_generated,not_applicable,CC_BY_4_0_author_original_text,Context-transfer rules
supplementary/supplementary_methods.md,documentation,author_generated,not_applicable,CC_BY_4_0_author_original_text,Methods and scope
supplementary/model_provenance.md,documentation,author_generated,not_applicable,CC_BY_4_0_author_original_text,Model-boundary statement
figures_source/*.png,figure_source,author_generated,not_applicable,CC_BY_4_0_author_original_figure,Conceptual evidence-status figures
analysis_development/,development_code,excluded_from_this_release,not_verified,MIT_if_released_in_future,No historical scripts are included in this release
